{"cameraMode":{"drawMode":0,"name":"Shaded","section":"Shading Mode"},"sceneLighting":true,"audioPlay":false,"sceneViewState":{"showFog":true,"showMaterialUpdate":false,"showSkybox":true,"showFlares":true,"showImageEffects":true,"showParticleSystems":true},"in2DMode":false,"pivot":{"x":9.563767433166504,"y":5.7749223709106449,"z":10.953380584716797},"rotation":{"x":0.0001807887019822374,"y":0.7998149394989014,"z":-0.6002478003501892,"w":0.00024059417773969471},"size":6.805798530578613,"orthographic":false}